[{
        "id": "bondurant",
        "image": "../../images/drivers/bondurant.jpg"
    },
    {
        "id": "hawkins",
        "image": "../../images/drivers/hawkins.jpg"
    },
    {
        "id": "gardner",
        "image": "../../images/drivers/gardner.jpg"

    },
    {
        "id": "attwood",
        "image": "../../images/drivers/attwood.jpg"
    },
    {
        "id": "rindt",
        "image": "../../images/drivers/rindt.jpg"
    },
    {
        "id": "hulme",
        "image": "../../images/drivers/hulme.jpg"
    },
    {
        "id": "spence",
        "image": "../../images/drivers/spence.jpg"
    },
    {
        "id": "stewart",
        "image": "../../images/drivers/stewart.jpg"
    },
    {
        "id": "taylor",
        "image": "../../images/drivers/taylor.jpg"
    },
    {
        "id": "bucknum",
        "image": "../../images/drivers/bucknum.jpg"
    },
    {
        "id": "revson",
        "image": "../../images/drivers/revson.jpg"
    },
    {
        "id": "rodriguez",
        "image": "../../images/drivers/rodriguez.jpg"
    },
    {
        "id": "hansgen",
        "image": "../../images/drivers/hansgen.jpg"
    },
    {
        "id": "arundell",
        "image": "../../images/drivers/arundell.jpg"
    },
    {
        "id": "anderson",
        "image": "../../images/drivers/anderson.jpg"
    },
    {
        "id": "solana",
        "image": "../../images/drivers/solana.jpg"
    },
    {
        "id": "serrurier",
        "image": "../../images/drivers/serrurier.jpg"
    },
    {
        "id": "collomb",
        "image": "../../images/drivers/collomb.jpg"
    },
    {
        "id": "love",
        "image": "../../images/drivers/love.jpg"
    },
    {
        "id": "settember",
        "image": "../../images/drivers/settember.jpg"
    },
    {
        "id": "hailwood",
        "image": "../../images/drivers/hailwood.jpg"
    },
    {
        "id": "broeker",
        "image": "../../images/drivers/broeker.jpg"
    },
    {
        "id": "amon",
        "image": "../../images/drivers/amon.jpg"
    },
    {
        "id": "scarfiotti",
        "image": "../../images/drivers/scarfiotti.jpg"
    },
    {
        "id": "mitter",
        "image": "../../images/drivers/mitter.jpg"
    },
    {
        "id": "schroeder",
        "image": "../../images/drivers/schroeder.jpg"
    },
    {
        "id": "pieterse",
        "image": "../../images/drivers/pieterse.jpg"
    },
    {
        "id": "siffert",
        "image": "../../images/drivers/siffert.jpg"
    },
    {
        "id": "johnstone",
        "image": "../../images/drivers/johnstone.jpg"
    },
    {
        "id": "vaccarella",
        "image": "../../images/drivers/vaccarella.jpg"
    },
    {
        "id": "lederle",
        "image": "../../images/drivers/lederle.jpg"
    },
    {
        "id": "ricardo_rodriguez",
        "image": "../../images/drivers/ricardo_rodriguez.jpg"
    },
    {
        "id": "trevor_taylor",
        "image": "../../images/drivers/trevor_taylor.jpg"
    },
    {
        "id": "may",
        "image": "../../images/drivers/may.jpg"
    },
    {
        "id": "maggs",
        "image": "../../images/drivers/maggs.jpg"
    },
    {
        "id": "sharp",
        "image": "../../images/drivers/sharp.jpg"
    },
    {
        "id": "parnell",
        "image": "../../images/drivers/tim_parnell.jpg"
    },
    {
        "id": "ryan",
        "image": "../../images/drivers/ryan.jpg"
    },
    {
        "id": "penske",
        "image": "../../images/drivers/penske.jpg"
    },
    {
        "id": "bandini",
        "image": "../../images/drivers/bandini.jpg"
    },
    {
        "id": "beaufort",
        "image": "../../images/drivers/beaufort.jpg"
    },
    {
        "id": "lewis",
        "image": "../../images/drivers/lewis.jpg"
    },
    {
        "id": "brooks",
        "image": "../../images/drivers/brooks.jpg"
    },
    {
        "id": "baghetti",
        "image": "../../images/drivers/baghetti.jpg"
    },
    {
        "id": "hall",
        "image": "../../images/drivers/hall.jpg"
    },
    {
        "id": "bianchi",
        "image": "../../images/drivers/bianchi.jpg"
    },
    {
        "id": "cabianca",
        "image": "../../images/drivers/cabianca.jpg"
    },
    {
        "id": "branson",
        "image": "../../images/drivers/branson.jpg"
    },
    {
        "id": "henry_taylor",
        "image": "../../images/drivers/henry_taylor.jpg"
    },
    {
        "id": "mairesse",
        "image": "../../images/drivers/mairesse.jpg"
    },
    {
        "id": "surtees",
        "image": "../../images/drivers/surtees.jpg"
    },
    {
        "id": "clark",
        "image": "../../images/drivers/clark.jpg"
    },
    {
        "id": "ginther",
        "image": "../../images/drivers/ginther.jpg"
    },
    {
        "id": "scarlatti",
        "image": "../../images/drivers/scarlatti.jpg"
    },
    {
        "id": "stacey",
        "image": "../../images/drivers/stacey.jpg"
    },
    {
        "id": "blanchard",
        "image": "../../images/drivers/blanchard.jpg"
    },
    {
        "id": "burgess",
        "image": "../../images/drivers/burgess.jpg"
    },
    {
        "id": "goldsmith",
        "image": "../../images/drivers/goldsmith.jpg"
    },
    {
        "id": "allison",
        "image": "../../images/drivers/allison.jpg"
    },
    {
        "id": "ireland",
        "image": "../../images/drivers/ireland.jpg"
    },
    {
        "id": "thomson",
        "image": "../../images/drivers/thomson.jpg"
    },
    {
        "id": "ward",
        "image": "../../images/drivers/ward.jpg"
    },
    {
        "id": "gurney",
        "image": "../../images/drivers/gurney.jpg"
    },
    {
        "id": "reece",
        "image": "../../images/drivers/reece.jpg"
    },
    {
        "id": "barth",
        "image": "../../images/drivers/barth.jpg"
    },
    {
        "id": "hill",
        "image": "../../images/drivers/hill.jpg"
    },
    {
        "id": "mclaren",
        "image": "../../images/drivers/mclaren.jpg"
    },
    {
        "id": "shelby",
        "image": "../../images/drivers/shelby.jpg"
    },
    {
        "id": "george_amick",
        "image": "../../images/drivers/george_amick.jpg"
    },
    {
        "id": "phil_hill",
        "image": "../../images/drivers/phil_hill.jpg"
    },
    {
        "id": "ivor-bueb",
        "image": "../../images/drivers/ivor-bueb.jpg"
    },
    {
        "id": "macdowel",
        "image": "../../images/drivers/macdowel.jpg"
    },
    {
        "id": "bonnier",
        "image": "../../images/drivers/bonnier.jpg"
    },
    {
        "id": "boyd",
        "image": "../../images/drivers/boyd.jpg"
    },
    {
        "id": "jack_brabham",
        "image": "../../images/drivers/jack_brabham.jpg"
    },
    {
        "id": "salvadori",
        "image": "../../images/drivers/salvadori.jpg"
    },
    {
        "id": "menditeguy",
        "image": "../../images/drivers/menditeguy.jpg"
    },
    {
        "id": "trips",
        "image": "../../images/drivers/trips.jpg"
    },
    {
        "id": "lewis-evans",
        "image": "../../images/drivers/lewis-evans.jpeg"
    },
    {
        "id": "gregory",
        "image": "../../images/drivers/gregory.jpg"
    },
    {
        "id": "piotti",
        "image": "../../images/drivers/piotti.jpg"
    },
    {
        "id": "landi",
        "image": "../../images/drivers/landi.jpg"
    },
    {
        "id": "gerini",
        "image": "../../images/drivers/gerini.jpg"
    },
    {
        "id": "gendebien",
        "image": "../../images/drivers/gendebien.jpg"
    },
    {
        "id": "gould",
        "image": "../../images/drivers/gould.jpg"
    },
    {
        "id": "ramos",
        "image": "../../images/drivers/ramos.jpg"
    },
    {
        "id": "perdisa",
        "image": "../../images/drivers/perdisa.jpg"
    },
    {
        "id": "portago",
        "image": "../../images/drivers/portago.jpg"
    },
    {
        "id": "freeland",
        "image": "../../images/drivers/freeland.jpg"
    },
    {
        "id": "flockhart",
        "image": "../../images/drivers/flockhart.jpg"
    },
    {
        "id": "fairman",
        "image": "../../images/drivers/fairman.jpg"
    },
    {
        "id": "godia",
        "image": "../../images/drivers/godia.jpg"
    },
    {
        "id": "flaherty",
        "image": "../../images/drivers/flaherty.jpg"
    },
    {
        "id": "vettel",
        "image": "../../images/drivers/Vettel.jpg"
    },
    {
        "id": "alonso",
        "image": "../../images/drivers/alonso.jpg"
    },
    {
        "id": "webber",
        "image": "../../images/drivers/webber.jpg"
    },
    {
        "id": "lewis_hamilton",
        "image": "../../images/drivers/hamilton.jpg"
    },
    {
        "id": "raikkonen",
        "image": "../../images/drivers/raikkonen.jpg"
    },
    {
        "id": "rosberg",
        "image": "../../images/drivers/rosberg.jpg"
    },
    {
        "id": "grosjean",
        "image": "../../images/drivers/grosjean.jpg"
    },
    {
        "id": "massa",
        "image": "../../images/drivers/massa.jpg"
    },
    {
        "id": "button",
        "image": "../../images/drivers/button.jpg"
    },
    {
        "id": "hulkenberg",
        "image": "../../images/drivers/hulkenberg.jpg"
    },
    {
        "id": "perez",
        "image": "../../images/drivers/perez.jpg"
    },
    {
        "id": "resta",
        "image": "../../images/drivers/di-resta.jpg"
    },
    {
        "id": "sutil",
        "image": "../../images/drivers/sutil.jpg"
    },
    {
        "id": "ricciardo",
        "image": "../../images/drivers/ricciardo.jpg"
    },
    {
        "id": "vergne",
        "image": "../../images/drivers/vergne.jpg"
    },
    {
        "id": "gutierrez",
        "image": "../../images/drivers/gutierrez.jpg"
    },
    {
        "id": "bottas",
        "image": "../../images/drivers/bottas.jpg"
    },
    {
        "id": "maldonado",
        "image": "../../images/drivers/maldonado.jpg"
    },
    {
        "id": "pic",
        "image": "../../images/drivers/pic.jpg"
    },
    {
        "id": "garde",
        "image": "../../images/drivers/van-der-garde.jpg"
    },
    {
        "id": "kovalainen",
        "image": "../../images/drivers/kovalainen.jpg"
    },
    {
        "id": "chilton",
        "image": "../../images/drivers/chilton.jpg"
    },
    {
        "id": "farina",
        "image": "../../images/drivers/varina.jpg"
    },
    {
        "id": "fangio",
        "image": "../../images/drivers/fangio.jpg"
    },
    {
        "id": "fagioli",
        "image": "../../images/drivers/fagioli.jpg"
    },
    {
        "id": "rosier",
        "image": "../../images/drivers/rosier.jpg"
    },
    {
        "id": "ascari",
        "image": "../../images/drivers/ascari.jpg"
    },
    {
        "id": "parsons",
        "image": "../../images/drivers/parsons.jpg"
    },
    {
        "id": "holland",
        "image": "../../images/drivers/holland.jpg"
    },
    {
        "id": "bira",
        "image": "../../images/drivers/bira.jpg"
    },
    {
        "id": "whitehead",
        "image": "../../images/drivers/whitehead.jpg"
    },
    {
        "id": "chiron",
        "image": "../../images/drivers/chiron.jpg"
    },
    {
        "id": "reg_parnell",
        "image": "../../images/drivers/parnell.jpg"
    },
    {
        "id": "rose",
        "image": "../../images/drivers/rose.jpg"
    },
    {
        "id": "serafini",
        "image": "../../images/drivers/serafini.jpg"
    },
    {
        "id": "cabantous",
        "image": "../../images/drivers/cabantous.jpg"
    },
    {
        "id": "sommer",
        "image": "../../images/drivers/sommer.jpg"
    },
    {
        "id": "manzon",
        "image": "../../images/drivers/manzon.jpg"
    },
    {
        "id": "green",
        "image": "../../images/drivers/green.jpg"
    },
    {
        "id": "etancelin",
        "image": "../../images/drivers/etancelin.jpg"
    },
    {
        "id": "bonetto",
        "image": "../../images/drivers/bonetto.jpg"
    },
    {
        "id": "chaboud",
        "image": "../../images/drivers/chaboud.jpg"
    },
    {
        "id": "bettenhausen",
        "image": "../../images/drivers/bettenhausen.jpg"
    },
    {
        "id": "chitwood",
        "image": "../../images/drivers/chitwood.jpg"
    },
    {
        "id": "graffenried",
        "image": "../../images/drivers/graffenried.jpeg"
    },
    {
        "id": "gerard",
        "image": "../../images/drivers/gerrard.jpg"
    },
    {
        "id": "villoresi",
        "image": "../../images/drivers/villoresi.jpg"
    },
    {
        "id": "pozzi",
        "image": "../../images/drivers/pozzi.jpg"
    },
    {
        "id": "wallard",
        "image": "../../images/drivers/wallard.jpg"
    },
    {
        "id": "claes",
        "image": "../../images/drivers/claes.jpg"
    },
    {
        "id": "levegh",
        "image": "../../images/drivers/levegh.jpg"
    },
    {
        "id": "harrison",
        "image": "../../images/drivers/harrison.jpg"
    },
    {
        "id": "gonzalez",
        "image": "../../images/drivers/gonzalez.jpg"
    },
    {
        "id": "taruffi",
        "image": "../../images/drivers/taruffi.jpg"
    },
    {
        "id": "nazaruk",
        "image": "../../images/drivers/nazaruk.jpg"
    },
    {
        "id": "sanesi",
        "image": "../../images/drivers/sanesi.jpg"
    },
    {
        "id": "linden",
        "image": "../../images/drivers/linden.jpg"
    },
    {
        "id": "mcgrath",
        "image": "../../images/drivers/mcgrath.jpg"
    },
    {
        "id": "ball",
        "image": "../../images/drivers/ball.jpg"
    },
    {
        "id": "ayulo",
        "image": "../../images/drivers/ayulo.jpg"
    },
    {
        "id": "fischer",
        "image": "../../images/drivers/fischer.jpg"
    },
    {
        "id": "simon",
        "image": "../../images/drivers/simon.jpg"
    },
    {
        "id": "banks",
        "image": "../../images/drivers/banks.jpg"
    },
    {
        "id": "andre_pilette",
        "image": "../../images/drivers/pilette.jpg"
    },
    {
        "id": "forberg",
        "image": "../../images/drivers/forberg.jpg"
    },
    {
        "id": "peter_walker",
        "image": "../../images/drivers/p_walker.jpg"
    },
    {
        "id": "hawthorn",
        "image": "../../images/drivers/hawthorn.jpg"
    },
    {
        "id": "ruttman",
        "image": "../../images/drivers/ruttman.jpg"
    },
    {
        "id": "rathmann",
        "image": "../../images/drivers/rathmann.jpg"
    },
    {
        "id": "dick_rathmann",
        "image": "../../images/drivers/dick_rathmann.jpg"
    },
    {
        "id": "behra",
        "image": "../../images/drivers/behra.jpg"
    },
    {
        "id": "hanks",
        "image": "../../images/drivers/hanks.jpg"
    },
    {
        "id": "wharton",
        "image": "../../images/drivers/wharton.jpg"
    },
    {
        "id": "poore",
        "image": "../../images/drivers/poore.jpg"
    },
    {
        "id": "darter",
        "image": "../../images/drivers/carter.jpg"
    },
    {
        "id": "alan_brown",
        "image": "../../images/drivers/brown.jpg"
    },
    {
        "id": "trintignant",
        "image": "../../images/drivers/trintignant.jpg"
    },
    {
        "id": "frere",
        "image": "../../images/drivers/frere.jpg"
    },
    {
        "id": "cross",
        "image": "../../images/drivers/cross.jpg"
    },
    {
        "id": "thompson",
        "image": "../../images/drivers/thompson.jpg"
    },
    {
        "id": "vukovich",
        "image": "../../images/drivers/vukovich.jpg"
    },
    {
        "id": "laurent",
        "image": "../../images/drivers/laurent.jpg"
    },
    {
        "id": "collins",
        "image": "../../images/drivers/collins.jpg"
    },
    {
        "id": "bryan",
        "image": "../../images/drivers/bryan.jpg"
    },
    {
        "id": "hirt",
        "image": "../../images/drivers/hirt.jpg"
    },
    {
        "id": "tornaco",
        "image": "../../images/drivers/tornaco.jpg"
    },
    {
        "id": "duncan_hamilton",
        "image": "../../images/drivers/d_hamilton.jpg"
    },
    {
        "id": "marimon",
        "image": "../../images/drivers/marimon.jpg"
    },
    {
        "id": "galvez",
        "image": "../../images/drivers/galvez.jpg"
    },
    {
        "id": "lang",
        "image": "../../images/drivers/lang.jpg"
    },
    {
        "id": "paul_russo",
        "image": "../../images/drivers/paul_russo.jpg"
    },
    {
        "id": "agabashian",
        "image": "../../images/drivers/agabashian.jpg"
    },
    {
        "id": "moss",
        "image": "../../images/drivers/stirling_moss.jpg"
    },
    {
        "id": "mieres",
        "image": "../../images/drivers/mieres.jpg"
    },
    {
        "id": "daywalt",
        "image": "../../images/drivers/daywalt.jpg"
    },
    {
        "id": "schell",
        "image": "../../images/drivers/schell.jpg"
    },
    {
        "id": "swaters",
        "image": "../../images/drivers/swaters.jpg"
    },
    {
        "id": "johnson",
        "image": "../../images/drivers/johnson.jpg"
    },
    {
        "id": "kling",
        "image": "../../images/drivers/kling.jpg"
    },
    {
        "id": "herrmann",
        "image": "../../images/drivers/herrman.jpg"
    },
    {
        "id": "musso",
        "image": "../../images/drivers/musso.jpg"
    },
    {
        "id": "mantovani",
        "image": "../../images/drivers/mantovani.jpg"
    },
    {
        "id": "maglioli",
        "image": "../../images/drivers/maglioli.jpg"
    },
    {
        "id": "bayol",
        "image": "../../images/drivers/bayol.jpg"
    },
    {
        "id": "wacker",
        "image": "../../images/drivers/wacker.jpg"
    },
    {
        "id": "castellotti",
        "image": "../../images/drivers/castellotti.jpg"
    },
    {
        "id": "sweikert",
        "image": "../../images/drivers/sweikert.jpg"
    },
    {
        "id": "pollet",
        "image": "../../images/drivers/pollet.jpg"
    }
]