[{
        "id": "albert_park",
        "image": "../../images/tracks/albert-park.jpg"
    },
    {

        "id": "sepang",
        "image": "../../images/tracks/sepang.jpg"
    },
    {
        "id": "shanghai",
        "image": "../../images/tracks/shanghai.jpg"
    },
    {
        "id": "bahrain",
        "image": "../../images/tracks/bahrain.jpg"
    },
    {
        "id": "catalunya",
        "image": "../../images/tracks/barcelona.jpg"
    },
    {
        "id": "monaco",
        "image": "../../images/tracks/monaco.jpg"
    },
    {
        "id": "villeneuve",
        "image": "../../images/tracks/montreal.jpg"
    },
    {
        "id": "silverstone",
        "image": "../../images/tracks/silverstone.jpg"
    },
    {
        "id": "nurburgring",
        "image": "../../images/tracks/nurburgring.jpg"
    },
    {
        "id": "hungaroring",
        "image": "../../images/tracks/hungaroring.jpg"
    },
    {
        "id": "spa",
        "image": "../../images/tracks/belgiangp.jpg"
    },
    {
        "id": "monza",
        "image": "../../images/tracks/monza.jpg"
    },
    {
        "id": "marina_bay",
        "image": "../../images/tracks/singapore.jpg"
    },
    {
        "id": "yeongam",
        "image": "../../images/tracks/korea.jpg"
    },
    {
        "id": "suzuka",
        "image": "../../images/tracks/suzuka.jpg"
    },
    {
        "id": "buddh",
        "image": "../../images/tracks/india.jpg"
    },
    {
        "id": "yas_marina",
        "image": "../../images/tracks/abudhabi.jpg"
    },
    {
        "id": "americas",
        "image": "../../images/tracks/america.jpg"
    },
    {
        "id": "interlagos",
        "image": "../../images/tracks/brasil.jpg"
    }
]