[{
        "id": "hesketh",
        "image": "../../images/teams/hesketh.jpg"
    },
    {
        "id": "martini",
        "image": "../../images/teams/martini.jpg"
    },
    {
        "id": "surtees",
        "image": "../../images/teams/surtees.jpg"
    },
    {
        "id": "kauhsen",
        "image": "../../images/teams/kauhsen.png"
    },
    {
        "id": "merzario",
        "image": "../../images/teams/merzario.jpg"
    },
    {
        "id": "rebaque",
        "image": "../../images/teams/rebaque.jpg"
    },
    {
        "id": "wolf",
        "image": "../../images/teams/wolf.jpeg"
    },
    {
        "id": "brabham-ford",
        "image": "../../images/teams/brabham-ford.jpg"
    },
    {
        "id": "brabham-alfa_romeo",
        "image": "../../images/teams/brabham-alfa_romeo.jpg"
    },
    {
        "id": "shadow",
        "image": "../../images/teams/shadow.jpg"
    },
    {
        "id": "ensign",
        "image": "../../images/teams/ensign.jpg"
    },
    {
        "id": "fittipaldi",
        "image": "../../images/teams/fittipaldi.jpg"
    },
    {
        "id": "theodore",
        "image": "../../images/teams/theodore.jpg"
    },
    {
        "id": "ats",
        "image": "../../images/teams/ats.png"
    },
    {
        "id": "spirit",
        "image": "../../images/teams/spirit.jpg"
    },
    {
        "id": "toleman",
        "image": "../../images/teams/toleman.jpg"
    },
    {
        "id": "ram",
        "image": "../../images/teams/ram.png"
    },
    {
        "id": "zakspeed",
        "image": "../../images/teams/zakspeed.jpg"
    },
    {
        "id": "rial",
        "image": "../../images/teams/rial.jpg"
    },
    {
        "id": "life",
        "image": "../../images/teams/life.png"
    },
    {
        "id": "eurobrun",
        "image": "../../images/teams/eurobrun.jpg"
    },
    {
        "id": "osella",
        "image": "../../images/teams/osella.png"
    },
    {
        "id": "onyx",
        "image": "../../images/teams/onyx.jpg"
    },
    {
        "id": "coloni",
        "image": "../../images/teams/coloni.jpg"
    },
    {
        "id": "ags",
        "image": "../../images/teams/ags.jpg"
    },
    {
        "id": "lambo",
        "image": "../../images/teams/lambo.jpg"
    },
    {
        "id": "leyton",
        "image": "../../images/teams/leyton.jpg"
    },
    {
        "id": "brabham",
        "image": "../../images/teams/brabham.jpeg"
    },
    {
        "id": "fondmetal",
        "image": "../../images/teams/fondmetal.jpg"
    },
    {
        "id": "dallara",
        "image": "../../images/teams/dallara.jpg"
    },
    {
        "id": "march",
        "image": "../../images/teams/march.jpg"
    },
    {
        "id": "team_lotus",
        "image": "../../images/teams/lotus.jpg"
    },
    {
        "id": "larrousse",
        "image": "../../images/teams/larrousse.jpg"
    },
    {
        "id": "simtek",
        "image": "../../images/teams/simtek.jpg"
    },
    {
        "id": "pacific",
        "image": "../../images/teams/pacific.jpg"
    },
    {
        "id": "forti",
        "image": "../../images/teams/forti.jpg"
    },
    {
        "id": "footwork",
        "image": "../../images/teams/footwork.png"
    },
    {
        "id": "ligier",
        "image": "../../images/teams/ligier.jpg"
    },
    {
        "id": "lola",
        "image": "../../images/teams/lola.jpg"
    },
    {
        "id": "tyrrell",
        "image": "../../images/teams/tyrrell.jpg"
    },
    {
        "id": "stewart",
        "image": "../../images/teams/stewart.jpg"
    },
    {
        "id": "prost",
        "image": "../../images/teams/prost.jpg"
    },
    {
        "id": "benetton",
        "image": "../../images/teams/benetton.jpg"
    },
    {
        "id": "arrows",
        "image": "../../images/teams/arrows.jpg"
    },
    {
        "id": "jaguar",
        "image": "../../images/teams/jaguar.jpg"
    },
    {
        "id": "minardi",
        "image": "../../images/teams/minardi.jpg"
    },
    {
        "id": "jordan",
        "image": "../../images/teams/jordan.jpg"
    },
    {
        "id": "bar",
        "image": "../../images/teams/bar.jpg"
    },
    {
        "id": "spyker_mf1",
        "image": "../../images/teams/spyker.jpg"
    },
    {
        "id": "mf1",
        "image": "../../images/teams/mf1.png"
    },
    {
        "id": "spyker",
        "image": "../../images/teams/spyker.jpg"
    },
    {
        "id": "super_aguri",
        "image": "../../images/teams/super_aguri.jpg"
    },
    {
        "id": "honda",
        "image": "../../images/teams/honda_racing.png"
    },
    {
        "id": "bmw_sauber",
        "image": "../../images/teams/bmw_sauber.jpg"
    },
    {
        "id": "toyota",
        "image": "../../images/teams/toyota.jpg"
    },
    {
        "id": "brawn",
        "image": "../../images/teams/brawn.jpg"
    },
    {
        "id": "lotus_racing",
        "image": "../../images/teams/lotus.jpg"
    },
    {
        "id": "virgin",
        "image": "../../images/teams/virgin.jpg"
    },
    {
        "id": "marussia",
        "image": "../../images/teams/marussia.jpg"
    },
    {
        "id": "hrt",
        "image": "../../images/teams/hrt.jpg"
    },
    {
        "id": "caterham",
        "image": "../../images/teams/caterham.jpg"
    },
    {
        "id": "haas",
        "image": "../../images/teams/haas.jpg"
    },
    {
        "id": "racing_point",
        "image": "../../images/teams/racingpoint.jpg"
    },
    {
        "id": "renault",
        "image": "../../images/teams/renault.jpg"
    },
    {
        "id": "alfa",
        "image": "../../images/teams/alfa.png"
    },
    {
        "id": "ferrari",
        "image": "../../images/teams/ferrari.jpg"
    },
    {
        "id": "red_bull",
        "image": "../../images/teams/redbull.jpg"
    },
    {
        "id": "mercedes",
        "image": "../images/teams/mercedes.jpg"
    },
    {
        "id": "lotus_f1",
        "image": "../../images/teams/lotus.jpg"
    },
    {
        "id": "mclaren",
        "image": "../images/teams/mclaren.jpg"
    },
    {
        "id": "force_india",
        "image": "../../images/teams/forceindia.jpg"
    },
    {
        "id": "sauber",
        "image": "../../images/teams/sauber.jpg"
    },
    {
        "id": "toro_rosso",
        "image": "../../images/teams/tororosso.jpg"
    },
    {
        "id": "williams",
        "image": "../../images/teams/williams.png"
    },
    {
        "id": "manor",
        "image": "../../images/teams/marussia.jpg"
    }
]